{
  "0BTBFw6f90Nfh9rP1dlXrr": 503.8474679020002,
  "0BTBFw6f90Nfh9rP1dlXri": 203.94680025999972,
  "0BTBFw6f90Nfh9rP1dl_3P": 458.21236707200023,
  "0BTBFw6f90Nfh9rP1dl_3Q": 103.83001290200068,
  "0BTBFw6f90Nfh9rP1dl_3G": 37.94680025999992,
  "2gRXFgjRn2HPE$YoDLX3FV": 283.6720643085822,
  "2gRXFgjRn2HPE$YoDLX3FC": 104.61120883221827,
  "0BTBFw6f90Nfh9rP1dl_CZ": 127.3906897089999,
  "0BTBFw6f90Nfh9rP1dlXr2": 309.3906897089998,
  "0BTBFw6f90Nfh9rP1dlXr$": 524.5121790899997,
  "0BTBFw6f90Nfh9rP1dl_3S": 241.5121790899995,
  "0BTBFw6f90Nfh9rP1dl_3C": 506.3010763357816,
  "0BTBFw6f90Nfh9rP1dlXre": 467.240220859418,
  "0BTBFw6f90Nfh9rP1dlXru": 452.1774449120001,
  "0BTBFw6f90Nfh9rP1dl_39": 57.8935817919999,
  "0BTBFw6f90Nfh9rP1dlXrc": 496.8935817919999,
  "0BTBFw6f90Nfh9rP1dl_3A": 104.89358179199945,
  "0BTBFw6f90Nfh9rP1dlXrb": 62.89358179199991
}