{
  "0BTBFw6f90Nfh9rP1dlXrr": 176.84746790200018,
  "0BTBFw6f90Nfh9rP1dlXri": 98.9468002599997,
  "0BTBFw6f90Nfh9rP1dl_3P": 228.2123670720002,
  "0BTBFw6f90Nfh9rP1dl_3Q": 91.83001290200068,
  "0BTBFw6f90Nfh9rP1dl_3G": 380.9468002599999,
  "2gRXFgjRn2HPE$YoDLX3FV": 41.67206430858219,
  "2gRXFgjRn2HPE$YoDLX3FC": 321.61120883221827,
  "0BTBFw6f90Nfh9rP1dl_CZ": 497.3906897089999,
  "0BTBFw6f90Nfh9rP1dlXr2": 271.3906897089998,
  "0BTBFw6f90Nfh9rP1dlXr$": 436.5121790899997,
  "0BTBFw6f90Nfh9rP1dl_3S": 351.5121790899995,
  "0BTBFw6f90Nfh9rP1dl_3C": 20.30107633578161,
  "0BTBFw6f90Nfh9rP1dlXre": 420.240220859418,
  "0BTBFw6f90Nfh9rP1dlXru": 69.17744491200013,
  "0BTBFw6f90Nfh9rP1dl_39": 436.8935817919999,
  "0BTBFw6f90Nfh9rP1dlXrc": 346.8935817919999,
  "0BTBFw6f90Nfh9rP1dl_3A": 406.89358179199945,
  "0BTBFw6f90Nfh9rP1dlXrb": 550.8935817919998
}