{
  "0BTBFw6f90Nfh9rP1dlXrr": 285.8474679020002,
  "0BTBFw6f90Nfh9rP1dlXri": 57.946800259999705,
  "0BTBFw6f90Nfh9rP1dl_3P": 59.21236707200021,
  "0BTBFw6f90Nfh9rP1dl_3Q": 455.83001290200065,
  "0BTBFw6f90Nfh9rP1dl_3G": 423.9468002599999,
  "2gRXFgjRn2HPE$YoDLX3FV": 86.6720643085822,
  "2gRXFgjRn2HPE$YoDLX3FC": 499.61120883221827,
  "0BTBFw6f90Nfh9rP1dl_CZ": 245.3906897089999,
  "0BTBFw6f90Nfh9rP1dlXr2": 432.3906897089998,
  "0BTBFw6f90Nfh9rP1dlXr$": 364.5121790899997,
  "0BTBFw6f90Nfh9rP1dl_3S": 330.5121790899995,
  "0BTBFw6f90Nfh9rP1dl_3C": 310.3010763357816,
  "0BTBFw6f90Nfh9rP1dlXre": 224.240220859418,
  "0BTBFw6f90Nfh9rP1dlXru": 439.1774449120001,
  "0BTBFw6f90Nfh9rP1dl_39": 313.8935817919999,
  "0BTBFw6f90Nfh9rP1dlXrc": 546.8935817919998,
  "0BTBFw6f90Nfh9rP1dl_3A": 283.89358179199945,
  "0BTBFw6f90Nfh9rP1dlXrb": 359.8935817919999
}